{
  "name": "Eval Done Workflow",
  "form": "79cf7ce6-13a8-4287-a27f-2abd259880a3",
  "blocks": [
    {
      "id": "e890616a-0461-41b7-be1c-b522f69c7c21",
      "label": "Eval Done - Inbound Eval Done From Keptn",
      "presentation": "{\"w\":60,\"x\":-1,\"h\":60,\"y\":0}",
      "step": "a568f779-b8ef-42bc-be30-c95e7bf7de02",
      "stepType": "INTEGRATION"
    },
    {
      "id": "532052e2-6160-470e-a35f-785b399581c7",
      "label": "xMatters Create Event - Eval Done",
      "presentation": "{\"w\":60,\"x\":170,\"h\":60,\"y\":0}",
      "step": "79cf7ce6-13a8-4287-a27f-2abd259880a3",
      "stepType": "CREATE_EVENT",
      "inputMappings": [
        {
          "inputPort": "input",
          "mapping": "${e890616a-0461-41b7-be1c-b522f69c7c21.service}",
          "sectionItemKey": "127ea249-304c-4498-9470-dec61af3d9f0"
        },
        {
          "inputPort": "input",
          "mapping": "${e890616a-0461-41b7-be1c-b522f69c7c21.tag}",
          "sectionItemKey": "4c6df94a-e5f9-4c14-9788-d9cceede2ba1"
        },
        {
          "inputPort": "input",
          "mapping": "${e890616a-0461-41b7-be1c-b522f69c7c21.evaluationpassed}",
          "sectionItemKey": "7433b6bb-720a-46cc-ae77-43093d141bc5"
        },
        {
          "inputPort": "input",
          "mapping": "${e890616a-0461-41b7-be1c-b522f69c7c21.stage}",
          "sectionItemKey": "6c529429-f482-44f6-a9cd-8d5e3390764e"
        },
        {
          "inputPort": "input",
          "mapping": "${e890616a-0461-41b7-be1c-b522f69c7c21.result}",
          "sectionItemKey": "55af47a4-fdae-4155-9b4d-54af1cac9638"
        },
        {
          "inputPort": "input",
          "mapping": "${e890616a-0461-41b7-be1c-b522f69c7c21.id}",
          "sectionItemKey": "f06dd86e-97a2-4c0e-9338-792d000fa92d"
        },
        {
          "inputPort": "input",
          "mapping": "${e890616a-0461-41b7-be1c-b522f69c7c21.teststrategy}",
          "sectionItemKey": "b922fe1e-c474-40b0-a877-857b774910c5"
        },
        {
          "inputPort": "input",
          "mapping": "${e890616a-0461-41b7-be1c-b522f69c7c21.time}",
          "sectionItemKey": "67490fd0-910f-47fa-8168-1d018f90bb0a"
        },
        {
          "inputPort": "input",
          "mapping": "${e890616a-0461-41b7-be1c-b522f69c7c21.totalScore}",
          "sectionItemKey": "c25fe222-3993-4cac-bb95-45bdf0738a33"
        },
        {
          "inputPort": "input",
          "mapping": "${e890616a-0461-41b7-be1c-b522f69c7c21.project}",
          "sectionItemKey": "e585b533-76b9-43a9-9a8a-948b76df5c07"
        },
        {
          "inputPort": "input",
          "mapping": "${e890616a-0461-41b7-be1c-b522f69c7c21.githuborg}",
          "sectionItemKey": "b07f96f6-c95d-40e1-a8d3-6d06e56f0376"
        },
        {
          "inputPort": "input",
          "mapping": "${e890616a-0461-41b7-be1c-b522f69c7c21.source}",
          "sectionItemKey": "2e0b4c71-4d6a-40ec-bafb-4549e786810d"
        },
        {
          "inputPort": "input",
          "mapping": "${e890616a-0461-41b7-be1c-b522f69c7c21.deploymentstrategy}",
          "sectionItemKey": "5d5d1966-b7c5-42c0-a8fe-052f7d4cd707"
        },
        {
          "inputPort": "input",
          "mapping": "${e890616a-0461-41b7-be1c-b522f69c7c21.image}",
          "sectionItemKey": "5c8f5202-5555-4218-80d9-62a9cf233df5"
        },
        {
          "inputPort": "input",
          "mapping": "${e890616a-0461-41b7-be1c-b522f69c7c21.shkeptncontext}",
          "sectionItemKey": "4ba1ade3-2178-49d8-a3ba-216808f80c4b"
        }
      ]
    }
  ],
  "edges": [
    {
      "fromBlock": "e890616a-0461-41b7-be1c-b522f69c7c21",
      "fromPort": "output",
      "toBlock": "532052e2-6160-470e-a35f-785b399581c7",
      "toPort": "input"
    }
  ]
}