{
  "name": "Problem Workflow",
  "form": "e2aed78b-46d6-44da-9e05-8d3819d2fb4f",
  "blocks": [
    {
      "id": "8dda0477-d8f4-4a07-ae47-044d678c67be",
      "label": "Problem - Inbound Problem From Keptn",
      "presentation": "{\"w\":60,\"x\":0,\"h\":60,\"y\":0}",
      "step": "367f462f-906b-4ad2-b300-a5f29da34492",
      "stepType": "INTEGRATION"
    },
    {
      "id": "19b04162-4fd0-4543-954c-d7368c605f04",
      "label": "xMatters Create Event - Problem",
      "presentation": "{\"w\":60,\"x\":340,\"h\":60,\"y\":0}",
      "step": "e2aed78b-46d6-44da-9e05-8d3819d2fb4f",
      "stepType": "CREATE_EVENT",
      "inputMappings": [
        {
          "inputPort": "input",
          "mapping": "${8dda0477-d8f4-4a07-ae47-044d678c67be.problemDetailsHTML}",
          "sectionItemKey": "53250c2e-96a1-4541-aae8-8f8111e840f8"
        },
        {
          "inputPort": "input",
          "mapping": "${8dda0477-d8f4-4a07-ae47-044d678c67be.PID}",
          "sectionItemKey": "15509b9a-ca94-4bb3-9c24-30d6eb86dcf0"
        },
        {
          "inputPort": "input",
          "mapping": "tdepuy",
          "sectionItemKey": "recipients"
        },
        {
          "inputPort": "input",
          "mapping": "${8dda0477-d8f4-4a07-ae47-044d678c67be.problemDetails}",
          "sectionItemKey": "682d42b4-4ec1-42f8-a292-a8035561cac5"
        },
        {
          "inputPort": "input",
          "mapping": "${8dda0477-d8f4-4a07-ae47-044d678c67be.id}",
          "sectionItemKey": "f06dd86e-97a2-4c0e-9338-792d000fa92d"
        },
        {
          "inputPort": "input",
          "mapping": "${8dda0477-d8f4-4a07-ae47-044d678c67be.shkeptncontext}",
          "sectionItemKey": "4ba1ade3-2178-49d8-a3ba-216808f80c4b"
        },
        {
          "inputPort": "input",
          "mapping": "${8dda0477-d8f4-4a07-ae47-044d678c67be.problemTitle}",
          "sectionItemKey": "b8c6784a-119b-4bdd-a472-ee6b6f482ac8"
        },
        {
          "inputPort": "input",
          "mapping": "${8dda0477-d8f4-4a07-ae47-044d678c67be.impactedEntity}",
          "sectionItemKey": "d3db5cf3-35a9-45d4-841a-c87f070db850"
        },
        {
          "inputPort": "input",
          "mapping": "${8dda0477-d8f4-4a07-ae47-044d678c67be.problemID}",
          "sectionItemKey": "7a0e76f1-bb10-4f09-b6e2-165493763ecf"
        },
        {
          "inputPort": "input",
          "mapping": "${8dda0477-d8f4-4a07-ae47-044d678c67be.impactedEntities}",
          "sectionItemKey": "9df5ad15-98f4-49f2-8cdb-10e31faa414b"
        },
        {
          "inputPort": "input",
          "mapping": "${8dda0477-d8f4-4a07-ae47-044d678c67be.source}",
          "sectionItemKey": "2e0b4c71-4d6a-40ec-bafb-4549e786810d"
        },
        {
          "inputPort": "input",
          "mapping": "${8dda0477-d8f4-4a07-ae47-044d678c67be.state}",
          "sectionItemKey": "ca5b3186-23e7-4b48-a26a-09f91be6a460"
        },
        {
          "inputPort": "input",
          "mapping": "${8dda0477-d8f4-4a07-ae47-044d678c67be.time}",
          "sectionItemKey": "67490fd0-910f-47fa-8168-1d018f90bb0a"
        }
      ]
    }
  ],
  "edges": [
    {
      "fromBlock": "8dda0477-d8f4-4a07-ae47-044d678c67be",
      "fromPort": "output",
      "toBlock": "19b04162-4fd0-4543-954c-d7368c605f04",
      "toPort": "input"
    }
  ]
}