{
  "integrations": [
    {
      "id": "a568f779-b8ef-42bc-be30-c95e7bf7de02",
      "name": "Eval Done - Inbound Eval Done From Keptn",
      "action": "RUN_SCRIPT",
      "type": "INBOUND_WEBHOOK",
      "deployed": true,
      "form": "79cf7ce6-13a8-4287-a27f-2abd259880a3",
      "environment": "HOSTED",
      "authType": "URL",
      "createdBy": "FLOW",
      "integrationScriptStepUuid": "f5b7fc48-e414-43e6-9be9-ce07bdc2193b"
    },
    {
      "id": "1ef53cc0-66f4-46a8-b82f-5a08866204b1",
      "name": "Evaluation Done - Notifier",
      "action": "CREATE_EVENT",
      "type": "INBOUND_WEBHOOK",
      "deployed": false,
      "form": "e2aed78b-46d6-44da-9e05-8d3819d2fb4f",
      "script": "var payload = JSON.parse(request.body);  //Use this if the payload is a JSON object in the request body\ntrigger.properties = payload;\n/** Configure recipients **/\n//var recipients = [];\n//recipients.push({'id': 'mmcbride', 'recipientType' : 'PERSON'});  //Syntax to add a user\n//recipients.push({'id': 'Oracle Administrators', 'recipientType' : 'GROUP'}); //Syntax to add a group\n//recipients.push({'id': 'First Aid Attendants', 'recipientType' : 'DYNAMIC_TEAM'}); //Syntax to add a dynamic team\n//recipients.push({'id': 'bsmith|Work Email', 'recipientType' : 'DEVICE'); //Syntax to add devices\n//recipients.push({'id': 'Corporate Executives', 'recipientType' : 'GROUP', 'responseCountThreshold' : 3); //Syntax to add a group or dynamic team with response counts.\n//trigger.recipients = recipients;\n\n/** Customize form properties **/\n//trigger.properties.myTextProperty = 'Oracle Database is down';\n//trigger.properties.myComboBoxProperty = 'AJAX';\n//trigger.properties.myNumberProperty = 468;\n//trigger.properties.myBooleanProperty = true;\n//trigger.properties.myListProperty = ['Stored Procedures', 'Web Services'];\n//var hierarchyProperty = [];\n//hierarchyProperty.push({\"category\" : \"Country\", \"value\" : \"USA\"});\n//hierarchyProperty.push({\"category\" : \"State\", \"value\" : \"California\"});\n//hierarchyProperty.push({\"category\" : \"City\", \"value\" : \"Los Angeles\"});\n//trigger.properties.myHierarchyProperty = hierarchyProperty;\n\n\nform.post(trigger);",
      "environment": "HOSTED",
      "authType": "URL",
      "createdBy": "IB"
    },
    {
      "id": "367f462f-906b-4ad2-b300-a5f29da34492",
      "name": "Problem - Inbound Problem From Keptn",
      "action": "RUN_SCRIPT",
      "type": "INBOUND_WEBHOOK",
      "deployed": true,
      "form": "e2aed78b-46d6-44da-9e05-8d3819d2fb4f",
      "environment": "HOSTED",
      "authType": "URL",
      "createdBy": "FLOW",
      "integrationScriptStepUuid": "26dbe082-6f86-4a45-b187-25c0dcbb4d55"
    },
    {
      "id": "76d26998-fbed-4dcf-b31e-054f94636f8d",
      "name": "Problem - Notifier",
      "action": "CREATE_EVENT",
      "type": "INBOUND_WEBHOOK",
      "deployed": false,
      "form": "e2aed78b-46d6-44da-9e05-8d3819d2fb4f",
      "script": "var payload = JSON.parse(request.body);  //Use this if the payload is a JSON object in the request body\ntrigger.properties = payload;\n/** Configure recipients **/\n//var recipients = [];\n//recipients.push({'id': 'mmcbride', 'recipientType' : 'PERSON'});  //Syntax to add a user\n//recipients.push({'id': 'Oracle Administrators', 'recipientType' : 'GROUP'}); //Syntax to add a group\n//recipients.push({'id': 'First Aid Attendants', 'recipientType' : 'DYNAMIC_TEAM'}); //Syntax to add a dynamic team\n//recipients.push({'id': 'bsmith|Work Email', 'recipientType' : 'DEVICE'); //Syntax to add devices\n//recipients.push({'id': 'Corporate Executives', 'recipientType' : 'GROUP', 'responseCountThreshold' : 3); //Syntax to add a group or dynamic team with response counts.\n//trigger.recipients = recipients;\n\n/** Customize form properties **/\n//trigger.properties.myTextProperty = 'Oracle Database is down';\n//trigger.properties.myComboBoxProperty = 'AJAX';\n//trigger.properties.myNumberProperty = 468;\n//trigger.properties.myBooleanProperty = true;\n//trigger.properties.myListProperty = ['Stored Procedures', 'Web Services'];\n//var hierarchyProperty = [];\n//hierarchyProperty.push({\"category\" : \"Country\", \"value\" : \"USA\"});\n//hierarchyProperty.push({\"category\" : \"State\", \"value\" : \"California\"});\n//hierarchyProperty.push({\"category\" : \"City\", \"value\" : \"Los Angeles\"});\n//trigger.properties.myHierarchyProperty = hierarchyProperty;\n\n\nform.post(trigger);",
      "environment": "HOSTED",
      "authType": "URL",
      "createdBy": "IB"
    }
  ],
  "endpoints": [],
  "constants": []
}