[
  {
    "id": "f5b7fc48-e414-43e6-9be9-ce07bdc2193b",
    "name": "Inbound Evaluation Done From Keptn",
    "description": "",
    "icon": "http://s3-xmatters-static.s3.amazonaws.com/null/customers/99cee7bb-651f-4a52-b7fe-3a9af00d22f9/IMAGE__20190829233659800__keptn.png",
    "script": "var payload = JSON.parse( request.body );\n\noutput['source']         = payload['source'];\noutput['id']             = payload['id'];\noutput['time']           = payload['time'];\noutput['shkeptncontext'] = payload['shkeptncontext'];\n\n\noutput['githuborg']          = payload.data['githuborg'];\noutput['project']            = payload.data['project'];\noutput['teststrategy']       = payload.data['teststrategy'];\noutput['deploymentstrategy'] = payload.data['deploymentstrategy'];\noutput['stage']              = payload.data['stage'];\noutput['service']            = payload.data['service'];\noutput['image']              = payload.data['image'];\noutput['tag']                = payload.data['tag'];\noutput['evaluationpassed']   = payload.data['evaluationpassed'];\noutput['totalScore']         = payload.data.evaluationdetails['totalScore'];\n\noutput['result']             = payload.data.evaluationdetails['result'];",
    "endpointLabel": "",
    "allowedEnvironment": "HOSTED",
    "accessibleByAll": "NotShared",
    "scriptStepType": "CUSTOM_HTTP",
    "inputs": [],
    "outputs": [
      {
        "id": "39720960-4e5b-439b-a46f-9c042950ad76",
        "name": "source",
        "description": "",
        "position": 0
      },
      {
        "id": "a98b4f5d-916a-4f29-96ea-255f39903637",
        "name": "id",
        "description": "",
        "position": 1
      },
      {
        "id": "7f54717e-5ce5-4b69-b2ee-79f6c726cbd5",
        "name": "time",
        "description": "",
        "position": 2
      },
      {
        "id": "f859521f-63c3-41b0-87a0-39c81a7377e5",
        "name": "shkeptncontext",
        "description": "",
        "position": 3
      },
      {
        "id": "907385a5-a8e0-4319-9c36-fbb0704be8f4",
        "name": "githuborg",
        "description": "",
        "position": 4
      },
      {
        "id": "45e8f5de-c5dd-41d7-85a3-863bb45ca28c",
        "name": "project",
        "description": "",
        "position": 5
      },
      {
        "id": "b7833c78-c476-4b84-895a-73bc879d522b",
        "name": "teststrategy",
        "description": "",
        "position": 6
      },
      {
        "id": "cca25c4a-bf1a-4978-93eb-98474ba8e813",
        "name": "stage",
        "description": "",
        "position": 7
      },
      {
        "id": "97f95087-e6ab-44bd-b544-2b0ac5c70110",
        "name": "service",
        "description": "",
        "position": 8
      },
      {
        "id": "3dd61f40-3358-4e31-9afe-0216cf151a8f",
        "name": "image",
        "description": "",
        "position": 9
      },
      {
        "id": "e0b73bcb-b515-4b3b-82df-4466c3958a30",
        "name": "tag",
        "description": "",
        "position": 10
      },
      {
        "id": "653eb32a-60b9-473d-8ea7-bbb691221b6c",
        "name": "evaluationpassed",
        "description": "",
        "position": 11
      },
      {
        "id": "79061054-aee6-4682-9fcb-69158b27bf4f",
        "name": "totalScore",
        "description": "",
        "position": 12
      },
      {
        "id": "45c23c96-6443-4c57-a765-e4299a973d7d",
        "name": "deploymentstrategy",
        "description": "",
        "position": 13
      },
      {
        "id": "60532239-5885-4dde-a2e6-252c7638f697",
        "name": "result",
        "description": "",
        "position": 14
      }
    ]
  },
  {
    "id": "26dbe082-6f86-4a45-b187-25c0dcbb4d55",
    "name": "Inbound Problem From Keptn",
    "description": "",
    "icon": "http://s3-xmatters-static.s3.amazonaws.com/null/customers/99cee7bb-651f-4a52-b7fe-3a9af00d22f9/IMAGE__20190829233659800__keptn.png",
    "script": "\nvar payload = JSON.parse( request.body );\n\noutput['source']           = payload['source'];\noutput['id']               = payload['id'];\noutput['time']             = payload['time'];\noutput['shkeptncontext']   = payload['shkeptncontext'];\n\noutput['PID']              = payload.data['PID'];\noutput['impactedEntities'] = payload.data['ImpactedEntities'];\noutput['impactedEntity']   = payload.data['ImpactedEntity'];\noutput['problemDetails']   = payload.data['ProblemDetails'];\noutput['problemID']        = payload.data['ProblemID'];\noutput['problemTitle']     = payload.data['ProblemTitle'];\noutput['state']            = payload.data['State'];\n\nif (payload.data['problemDetails']) {\n    output['problemDetailsHTML'] = '<pre>' + JSON.stringify( payload.data['problemDetails'] ).replace( /\\n/g, \"<br>\" ) + '</pre>';\n} else {\n    output['problemDetailsHTML'] = '';\n}",
    "endpointLabel": "",
    "allowedEnvironment": "HOSTED",
    "accessibleByAll": "NotShared",
    "scriptStepType": "CUSTOM_HTTP",
    "inputs": [],
    "outputs": [
      {
        "id": "b427024c-5875-40ba-b907-17d29b86a210",
        "name": "PID",
        "description": "",
        "position": 0
      },
      {
        "id": "865ed2aa-955c-482a-ab55-5d26432d807a",
        "name": "id",
        "description": "",
        "position": 1
      },
      {
        "id": "72e65c1e-6c41-4894-a5eb-63c984e83262",
        "name": "impactedEntities",
        "description": "",
        "position": 2
      },
      {
        "id": "74c3e49d-f7e3-47f2-aa26-802023f97c82",
        "name": "impactedEntity",
        "description": "",
        "position": 3
      },
      {
        "id": "e6a3f27f-490c-4101-a647-9054e0485033",
        "name": "problemDetails",
        "description": "",
        "position": 4
      },
      {
        "id": "fe430ed0-f52b-4686-906e-77de4d7545af",
        "name": "problemID",
        "description": "",
        "position": 5
      },
      {
        "id": "714d5dab-0174-4ba2-adc4-0cc59372f306",
        "name": "problemTitle",
        "description": "",
        "position": 6
      },
      {
        "id": "2697d395-eb9b-48b2-9283-09d2b4388dad",
        "name": "shkeptncontext",
        "description": "",
        "position": 7
      },
      {
        "id": "673add7d-2c81-44e4-a473-947d0e2dba78",
        "name": "source",
        "description": "",
        "position": 8
      },
      {
        "id": "eb0c1023-baf5-43de-963d-f63ece438f85",
        "name": "state",
        "description": "",
        "position": 9
      },
      {
        "id": "ab835e82-9472-4960-8813-7c301fd3ee0b",
        "name": "time",
        "description": "",
        "position": 10
      },
      {
        "id": "fb04eab6-0c05-477a-b1d1-aa817acd6d89",
        "name": "New Output",
        "description": "",
        "position": 11
      },
      {
        "id": "5f02f008-619d-4bb9-a86c-c0a2a228bcb2",
        "name": "problemDetailsHTML",
        "description": "",
        "position": 12
      }
    ]
  }
]