[
  {
    "baseType": 3,
    "name": "deploymentstrategy",
    "defaultValue": "",
    "description": "",
    "helpText": "",
    "isSystem": false,
    "minLength": 0,
    "maxLength": 100,
    "validationRegex": "",
    "isValidate": false,
    "uuid": "5d5d1966-b7c5-42c0-a8fe-052f7d4cd707"
  },
  {
    "baseType": 3,
    "name": "evaluationpassed",
    "defaultValue": "",
    "description": "",
    "helpText": "",
    "isSystem": false,
    "minLength": 0,
    "maxLength": 200,
    "validationRegex": "",
    "isValidate": false,
    "uuid": "7433b6bb-720a-46cc-ae77-43093d141bc5"
  },
  {
    "baseType": 3,
    "name": "githuborg",
    "defaultValue": "",
    "description": "",
    "helpText": "",
    "isSystem": false,
    "minLength": 0,
    "maxLength": 200,
    "validationRegex": "",
    "isValidate": false,
    "uuid": "b07f96f6-c95d-40e1-a8d3-6d06e56f0376"
  },
  {
    "baseType": 3,
    "name": "id",
    "defaultValue": "",
    "description": "",
    "helpText": "",
    "isSystem": false,
    "minLength": 0,
    "maxLength": 100,
    "validationRegex": "",
    "isValidate": false,
    "uuid": "f06dd86e-97a2-4c0e-9338-792d000fa92d"
  },
  {
    "baseType": 3,
    "name": "image",
    "defaultValue": "",
    "description": "",
    "helpText": "",
    "isSystem": false,
    "minLength": 0,
    "maxLength": 200,
    "validationRegex": "",
    "isValidate": false,
    "uuid": "5c8f5202-5555-4218-80d9-62a9cf233df5"
  },
  {
    "baseType": 3,
    "name": "impactedEntities",
    "defaultValue": "",
    "description": "",
    "helpText": "",
    "isSystem": false,
    "minLength": 0,
    "maxLength": 5000,
    "validationRegex": "",
    "isValidate": false,
    "uuid": "9df5ad15-98f4-49f2-8cdb-10e31faa414b"
  },
  {
    "baseType": 3,
    "name": "impactedEntity",
    "defaultValue": "",
    "description": "",
    "helpText": "",
    "isSystem": false,
    "minLength": 0,
    "maxLength": 1000,
    "validationRegex": "",
    "isValidate": false,
    "uuid": "d3db5cf3-35a9-45d4-841a-c87f070db850"
  },
  {
    "baseType": 3,
    "name": "PID",
    "defaultValue": "",
    "description": "",
    "helpText": "",
    "isSystem": false,
    "minLength": 0,
    "maxLength": 100,
    "validationRegex": "",
    "isValidate": false,
    "uuid": "15509b9a-ca94-4bb3-9c24-30d6eb86dcf0"
  },
  {
    "baseType": 3,
    "name": "problemDetails",
    "defaultValue": "",
    "description": "",
    "helpText": "",
    "isSystem": false,
    "minLength": 0,
    "maxLength": 5000,
    "validationRegex": "",
    "isValidate": false,
    "uuid": "682d42b4-4ec1-42f8-a292-a8035561cac5"
  },
  {
    "baseType": 3,
    "name": "problemDetailsHTML",
    "defaultValue": "",
    "description": "",
    "helpText": "",
    "isSystem": false,
    "minLength": 0,
    "maxLength": 20000,
    "validationRegex": "",
    "isValidate": false,
    "uuid": "53250c2e-96a1-4541-aae8-8f8111e840f8"
  },
  {
    "baseType": 3,
    "name": "problemID",
    "defaultValue": "",
    "description": "",
    "helpText": "",
    "isSystem": false,
    "minLength": 0,
    "maxLength": 30,
    "validationRegex": "",
    "isValidate": false,
    "uuid": "7a0e76f1-bb10-4f09-b6e2-165493763ecf"
  },
  {
    "baseType": 3,
    "name": "problemTitle",
    "defaultValue": "",
    "description": "",
    "helpText": "",
    "isSystem": false,
    "minLength": 0,
    "maxLength": 1000,
    "validationRegex": "",
    "isValidate": false,
    "uuid": "b8c6784a-119b-4bdd-a472-ee6b6f482ac8"
  },
  {
    "baseType": 3,
    "name": "project",
    "defaultValue": "",
    "description": "",
    "helpText": "",
    "isSystem": false,
    "minLength": 0,
    "maxLength": 100,
    "validationRegex": "",
    "isValidate": false,
    "uuid": "e585b533-76b9-43a9-9a8a-948b76df5c07"
  },
  {
    "baseType": 3,
    "name": "result",
    "defaultValue": "",
    "description": "",
    "helpText": "",
    "isSystem": false,
    "minLength": 0,
    "maxLength": 100,
    "validationRegex": "",
    "isValidate": false,
    "uuid": "55af47a4-fdae-4155-9b4d-54af1cac9638"
  },
  {
    "baseType": 3,
    "name": "service",
    "defaultValue": "",
    "description": "",
    "helpText": "",
    "isSystem": false,
    "minLength": 0,
    "maxLength": 100,
    "validationRegex": "",
    "isValidate": false,
    "uuid": "127ea249-304c-4498-9470-dec61af3d9f0"
  },
  {
    "baseType": 3,
    "name": "shkeptncontext",
    "defaultValue": "",
    "description": "",
    "helpText": "",
    "isSystem": false,
    "minLength": 0,
    "maxLength": 100,
    "validationRegex": "",
    "isValidate": false,
    "uuid": "4ba1ade3-2178-49d8-a3ba-216808f80c4b"
  },
  {
    "baseType": 3,
    "name": "source",
    "defaultValue": "",
    "description": "",
    "helpText": "",
    "isSystem": false,
    "minLength": 0,
    "maxLength": 200,
    "validationRegex": "",
    "isValidate": false,
    "uuid": "2e0b4c71-4d6a-40ec-bafb-4549e786810d"
  },
  {
    "baseType": 3,
    "name": "stage",
    "defaultValue": "",
    "description": "",
    "helpText": "",
    "isSystem": false,
    "minLength": 0,
    "maxLength": 100,
    "validationRegex": "",
    "isValidate": false,
    "uuid": "6c529429-f482-44f6-a9cd-8d5e3390764e"
  },
  {
    "baseType": 3,
    "name": "state",
    "defaultValue": "",
    "description": "",
    "helpText": "",
    "isSystem": false,
    "minLength": 0,
    "maxLength": 100,
    "validationRegex": "",
    "isValidate": false,
    "uuid": "ca5b3186-23e7-4b48-a26a-09f91be6a460"
  },
  {
    "baseType": 3,
    "name": "tag",
    "defaultValue": "",
    "description": "",
    "helpText": "",
    "isSystem": false,
    "minLength": 0,
    "maxLength": 200,
    "validationRegex": "",
    "isValidate": false,
    "uuid": "4c6df94a-e5f9-4c14-9788-d9cceede2ba1"
  },
  {
    "baseType": 3,
    "name": "teststrategy",
    "defaultValue": "",
    "description": "",
    "helpText": "",
    "isSystem": false,
    "minLength": 0,
    "maxLength": 100,
    "validationRegex": "",
    "isValidate": false,
    "uuid": "b922fe1e-c474-40b0-a877-857b774910c5"
  },
  {
    "baseType": 3,
    "name": "time",
    "defaultValue": "",
    "description": "",
    "helpText": "",
    "isSystem": false,
    "minLength": 0,
    "maxLength": 100,
    "validationRegex": "",
    "isValidate": false,
    "uuid": "67490fd0-910f-47fa-8168-1d018f90bb0a"
  },
  {
    "baseType": 3,
    "name": "totalScore",
    "defaultValue": "",
    "description": "",
    "helpText": "",
    "isSystem": false,
    "minLength": 0,
    "maxLength": 30,
    "validationRegex": "",
    "isValidate": false,
    "uuid": "c25fe222-3993-4cac-bb95-45bdf0738a33"
  }
]